{"train_loss": [5.890170704364777, 5.378016174316406, 5.17025835442543, 5.047786123514175, 4.9573788650035855, 4.892315905094147, 4.840918096780777, 4.806388182878495, 4.76431925535202, 4.736975563049317, 4.708714403390885, 4.684526140213013, 4.663746476173401, 4.647605231046676, 4.632840206623078], "val_loss": [5.534206027984619, 5.303246092796326, 5.2101643586158755, 5.142901618480682, 5.077758808135986, 5.057199094295502, 5.029993420839309, 4.996429629325867, 4.982972540855408, 4.990970966815948, 4.956724002361297, 4.941054081916809, 4.952408304214478, 4.934331721067428, 4.926726553440094], "val_perplexity": [253.2066687971563, 200.98817847983358, 183.12415375286238, 171.21183970652586, 160.41413390033185, 157.14973772502893, 152.93200652805916, 147.88421393870794, 145.90745353954247, 147.07916317349415, 142.12742329321, 139.91765652843338, 141.51536591331785, 138.98023392872656, 137.92727499255176]}